csarp,,,,,,ghsarp,,,,,,sfsarp,,,,
,Scenario ScSp,,Scenario McMp,,,,Scenario ScSp,,Scenario McMp,,,,Scenario ScSp,,Scenario McMp,
Name,Sol Value,Status,Sol Value,Status,,Name,Sol Value,Status,Sol Value,Status,,Name,Sol Value,Status,Sol Value,Status
sarp-10-5-A-1,45.044,Optimal,51.024,Optimal,,ghsarp-10-5-0,47.9642,Optimal,54.3542,Optimal,,sfsarp-10-5-1,46.0309,Optimal,46.1544,Optimal
sarp-10-5-A-2,31.944,Optimal,40.485,Optimal,,ghsarp-10-5-1,62.424,Optimal,64.3413,Optimal,,sfsarp-10-5-2,45.9198,Optimal,46.0344,Feasible
sarp-10-5-B-1,51.61,Optimal,62.88,Optimal,,ghsarp-10-5-2,45.8168,Optimal,51.73,Optimal,,sfsarp-10-5-3,46.0477,Optimal,46.1046,Optimal
sarp-10-5-B-2,56.506,Optimal,64.602,Optimal,,ghsarp-10-5-3,45.0638,Optimal,49.0778,Optimal,,sfsarp-10-5-4,46.1022,Optimal,46.1291,Optimal
sarp-10-5-C-1,131.29,Optimal,137.454,Optimal,,ghsarp-10-5-4,42.886,Optimal,47.1261,Optimal,,sfsarp-10-5-5,46.1119,Optimal,46.1432,Optimal
sarp-10-5-C-2,142.865,Optimal,148.937,Optimal,,ghsarp-10-5-5,50.1248,Optimal,59.8253,Optimal,,sfsarp-5-10-1,29.9123,Optimal,43.674,Feasible
sarp-5-10-A-1,25.181,Optimal,46.63,Optimal,,ghsarp-10-5-6,46.5939,Optimal,50.8591,Optimal,,sfsarp-5-10-2,29.9108,Optimal,43.6869,Feasible
sarp-5-10-A-2,12.788,Optimal,29.547,Optimal,,ghsarp-10-5-7,51.6492,Optimal,58.5016,Optimal,,sfsarp-5-10-3,29.9016,Optimal,43.5339,Feasible
sarp-5-10-B-1,18.582,Optimal,50.44,Optimal,,ghsarp-10-5-8,65.2225,Optimal,67.161,Feasible,,sfsarp-5-10-4,29.9374,Optimal,43.6961,Optimal
sarp-5-10-B-2,31.209,Optimal,62.209,Feasible,,ghsarp-10-5-9,39.7631,Optimal,48.2979,Optimal,,sfsarp-5-10-5,29.9207,Optimal,43.7157,Optimal
sarp-5-10-C-1,52.786,Optimal,111.143,Optimal,,ghsarp-5-10-0,35.8641,Optimal,61.6596,Feasible,,sfsarp-5-5-1,29.5434,Optimal,29.6855,Feasible
sarp-5-10-C-2,85.936,Optimal,138.242,Feasible,,ghsarp-5-10-1,46.5671,Optimal,70.1906,Feasible,,sfsarp-5-5-2,27.1112,Optimal,29.9304,Optimal
sarp-5-5-A-1,15.029,Optimal,22.331,Optimal,,ghsarp-5-10-2,20.0768,Optimal,58.2378,Feasible,,sfsarp-5-5-3,27.068,Optimal,29.8661,Optimal
sarp-5-5-A-2,15.12,Optimal,22.666,Optimal,,ghsarp-5-10-3,29.24,Optimal,55.592,Optimal,,sfsarp-5-5-4,27.0314,Optimal,29.8762,Optimal
sarp-5-5-B-1,33.561,Optimal,45.904,Optimal,,ghsarp-5-10-4,19.0629,Optimal,47.0296,Feasible,,sfsarp-5-5-5,29.861,Optimal,30.1685,Optimal
sarp-5-5-B-2,25.836,Optimal,38.683,Optimal,,ghsarp-5-10-5,36.7692,Optimal,63.3196,Feasible,,sfsarp-5-6-1,29.8247,Optimal,32.6263,Optimal
sarp-5-5-C-1,78.889,Optimal,92.873,Optimal,,ghsarp-5-10-6,22.6897,Optimal,56.353,Feasible,,sfsarp-5-6-2,29.8958,Optimal,32.6731,Optimal
sarp-5-5-C-2,45.124,Optimal,58.038,Optimal,,ghsarp-5-10-7,35.1829,Optimal,58.9336,Optimal,,sfsarp-5-6-3,29.8059,Optimal,32.6414,Optimal
sarp-5-6-A-1,16.703,Optimal,27.595,Optimal,,ghsarp-5-10-8,41.4089,Optimal,79.3518,Optimal,,sfsarp-5-6-4,29.8349,Optimal,32.6686,Optimal
sarp-5-6-A-2,32.65,Optimal,48.471,Optimal,,ghsarp-5-10-9,32.1771,Optimal,53.0015,Optimal,,sfsarp-5-6-5,29.8456,Optimal,32.6432,Optimal
sarp-5-6-B-1,35.302,Optimal,65.516,Optimal,,ghsarp-5-5-0,19.0436,Optimal,28.2689,Optimal,,sfsarp-5-7-1,29.8851,Optimal,35.434,Feasible
sarp-5-6-B-2,20.573,Optimal,58.428,Optimal,,ghsarp-5-5-1,27.6451,Optimal,34.5046,Optimal,,sfsarp-5-7-2,29.8106,Optimal,35.3739,Feasible
sarp-5-6-C-1,82.19,Optimal,101.062,Optimal,,ghsarp-5-5-2,33.1312,Optimal,38.8048,Optimal,,sfsarp-5-7-3,29.9157,Optimal,35.4142,Optimal
sarp-5-6-C-2,78.425,Optimal,96.691,Optimal,,ghsarp-5-5-3,17.1383,Optimal,24.389,Optimal,,sfsarp-5-7-4,29.9126,Optimal,35.4088,Optimal
sarp-5-7-A-1,11.565,Optimal,29.628,Optimal,,ghsarp-5-5-4,38.7262,Optimal,43.7467,Optimal,,sfsarp-5-7-5,29.8704,Optimal,35.4153,Optimal
sarp-5-7-A-2,14.741,Optimal,36.327,Optimal,,ghsarp-5-5-5,25.2396,Optimal,37.0687,Optimal,,sfsarp-5-8-1,29.8748,Optimal,38.1593,Optimal
sarp-5-7-B-1,33.158,Optimal,60.189,Optimal,,ghsarp-5-5-6,26.445,Optimal,38.4984,Optimal,,sfsarp-5-8-2,29.8797,Optimal,38.1344,Optimal
sarp-5-7-B-2,35.646,Optimal,69.831,Optimal,,ghsarp-5-5-7,10.5414,Optimal,15.9642,Optimal,,sfsarp-5-8-3,29.875,Optimal,38.0734,Feasible
sarp-5-7-C-1,51.129,Optimal,80.863,Optimal,,ghsarp-5-5-8,32.4695,Optimal,38.7472,Optimal,,sfsarp-5-8-4,29.9274,Optimal,38.2131,Optimal
sarp-5-7-C-2,40.161,Optimal,85.109,Optimal,,ghsarp-5-5-9,23.1687,Optimal,28.1634,Optimal,,sfsarp-5-8-5,29.8922,Optimal,38.1724,Optimal
sarp-5-8-A-1,16.555,Optimal,35.824,Optimal,,ghsarp-5-6-0,39.1316,Optimal,48.5729,Optimal,,sfsarp-5-9-1,30.1048,Optimal,41.2428,Feasible
sarp-5-8-A-2,11.444,Optimal,29.358,Optimal,,ghsarp-5-6-1,20.6534,Optimal,32.6735,Feasible,,sfsarp-5-9-2,29.9432,Optimal,40.9351,Feasible
sarp-5-8-B-1,43.819,Optimal,67.623,Optimal,,ghsarp-5-6-2,15.9909,Optimal,37.1783,Optimal,,sfsarp-5-9-3,29.904,Optimal,40.8857,Optimal
sarp-5-8-B-2,34.194,Optimal,53.468,Optimal,,ghsarp-5-6-3,28.6589,Optimal,39.4025,Optimal,,sfsarp-5-9-4,29.8585,Optimal,40.8394,Feasible
sarp-5-8-C-1,63.138,Optimal,99.774,Optimal,,ghsarp-5-6-4,33.181,Optimal,43.4736,Optimal,,sfsarp-5-9-5,29.9021,Optimal,40.9992,Feasible
sarp-5-8-C-2,79.79,Optimal,102.383,Optimal,,ghsarp-5-6-5,35.064,Optimal,46.6648,Optimal,,sfsarp-6-5-1,32.9706,Optimal,33.0498,Optimal
sarp-5-9-A-1,18.105,Optimal,37.66,Optimal,,ghsarp-5-6-6,29.9429,Optimal,45.2437,Optimal,,sfsarp-6-5-2,32.8949,Optimal,33.0375,Optimal
sarp-5-9-A-2,13.993,Optimal,39.264,Optimal,,ghsarp-5-6-7,23.6871,Optimal,39.0238,Optimal,,sfsarp-6-5-3,33.1378,Optimal,33.2068,Optimal
sarp-5-9-B-1,28.514,Optimal,58.668,Optimal,,ghsarp-5-6-8,35.4026,Optimal,42.2093,Optimal,,sfsarp-6-5-4,33.2158,Optimal,33.2565,Optimal
sarp-5-9-B-2,31.324,Optimal,56.712,Optimal,,ghsarp-5-6-9,34.6729,Optimal,44.5744,Optimal,,sfsarp-6-5-5,33.0171,Optimal,33.1008,Optimal
sarp-5-9-C-1,77.664,Optimal,128.688,Feasible,,ghsarp-5-7-0,25.1629,Optimal,38.3849,Optimal,,sfsarp-6-6-1,35.6953,Optimal,35.8659,Optimal
sarp-5-9-C-2,54.737,Optimal,97.064,Feasible,,ghsarp-5-7-1,21.306,Optimal,36.2229,Optimal,,sfsarp-6-6-2,35.7533,Optimal,35.9042,Optimal
sarp-6-5-A-1,13.623,Optimal,21.059,Optimal,,ghsarp-5-7-2,28.8529,Optimal,42.6641,Optimal,,sfsarp-6-6-3,35.8012,Optimal,35.8675,Optimal
sarp-6-5-A-2,27.884,Optimal,32.227,Optimal,,ghsarp-5-7-3,24.2452,Optimal,37.0726,Feasible,,sfsarp-6-6-4,35.9303,Optimal,36.1878,Optimal
sarp-6-5-B-1,36.203,Optimal,45.708,Optimal,,ghsarp-5-7-4,18.054,Optimal,32.9945,Optimal,,sfsarp-6-6-5,35.8142,Optimal,35.9232,Optimal
sarp-6-5-B-2,31.794,Optimal,44.37,Optimal,,ghsarp-5-7-5,33.4378,Optimal,43.7386,Optimal,,sfsarp-6-7-1,35.8637,Optimal,38.5945,Optimal
sarp-6-5-C-1,89.568,Optimal,106.634,Optimal,,ghsarp-5-7-6,25.4253,Optimal,34.9689,Optimal,,sfsarp-6-7-2,35.8003,Optimal,38.6018,Optimal
sarp-6-5-C-2,68.763,Optimal,83.253,Optimal,,ghsarp-5-7-7,29.1553,Optimal,52.9398,Optimal,,sfsarp-6-7-3,33.2324,Optimal,38.734,Feasible
sarp-6-6-A-1,35.493,Optimal,43.083,Optimal,,ghsarp-5-7-8,32.7535,Optimal,46.8477,Optimal,,sfsarp-6-7-4,35.8959,Optimal,38.7461,Feasible
sarp-6-6-A-2,18.391,Optimal,28.378,Optimal,,ghsarp-5-7-9,28.6594,Optimal,46.8121,Optimal,,sfsarp-6-7-5,35.9057,Optimal,38.6476,Optimal
sarp-6-6-B-1,59.445,Optimal,76.235,Optimal,,ghsarp-5-8-0,17.3674,Optimal,41.2326,Feasible,,sfsarp-6-8-1,35.9549,Optimal,41.5546,Optimal
sarp-6-6-B-2,32.903,Optimal,46.368,Optimal,,ghsarp-5-8-1,27.7643,Optimal,41.7761,Optimal,,sfsarp-6-8-2,35.8652,Optimal,41.3839,Feasible
sarp-6-6-C-1,73.446,Optimal,110.409,Optimal,,ghsarp-5-8-2,26.9027,Optimal,53.6062,Optimal,,sfsarp-6-8-3,35.7819,Optimal,41.5169,Optimal
sarp-6-6-C-2,70.645,Optimal,91.818,Optimal,,ghsarp-5-8-3,32.9839,Optimal,54.7272,Optimal,,sfsarp-6-8-4,35.7123,Optimal,41.2651,Feasible
sarp-6-7-A-1,15.898,Optimal,33.707,Optimal,,ghsarp-5-8-4,34.399,Optimal,48.983,Optimal,,sfsarp-6-8-5,35.6547,Optimal,41.3166,Feasible
sarp-6-7-A-2,27.982,Optimal,36.401,Optimal,,ghsarp-5-8-5,23.1652,Optimal,43.8185,Optimal,,sfsarp-6-9-1,35.97,Optimal,44.2508,Feasible
sarp-6-7-B-1,32.653,Optimal,53.1,Optimal,,ghsarp-5-8-6,23.7423,Optimal,52.4106,Optimal,,sfsarp-6-9-2,35.7186,Optimal,44.0975,Feasible
sarp-6-7-B-2,34.7,Optimal,53.178,Optimal,,ghsarp-5-8-7,30.1494,Optimal,46.695,Feasible,,sfsarp-6-9-3,35.7486,Optimal,43.9987,Feasible
sarp-6-7-C-1,49.733,Optimal,83.235,Optimal,,ghsarp-5-8-8,27.0367,Optimal,43.1289,Feasible,,sfsarp-6-9-4,35.694,Optimal,44.0489,Optimal
sarp-6-7-C-2,70.228,Optimal,101.839,Optimal,,ghsarp-5-8-9,25.5342,Optimal,41.1457,Feasible,,sfsarp-6-9-5,35.7655,Optimal,44.0758,Feasible
sarp-6-8-A-1,14.132,Optimal,26.182,Optimal,,ghsarp-5-9-0,34.1443,Optimal,54.4489,Optimal,,sfsarp-7-5-1,36.3721,Optimal,36.395,Optimal
sarp-6-8-A-2,22.158,Optimal,37.3,Optimal,,ghsarp-5-9-1,28.7718,Optimal,49.7499,Optimal,,sfsarp-7-5-2,36.2649,Optimal,36.3071,Optimal
sarp-6-8-B-1,33.186,Optimal,63.023,Optimal,,ghsarp-5-9-2,24.5855,Optimal,44.4254,Optimal,,sfsarp-7-5-3,36.3634,Optimal,36.4192,Optimal
sarp-6-8-B-2,36.35,Optimal,66.065,Optimal,,ghsarp-5-9-3,21.6617,Optimal,43.5422,Feasible,,sfsarp-7-5-4,36.3608,Optimal,36.4662,Optimal
sarp-6-8-C-1,84.647,Optimal,111.917,Optimal,,ghsarp-5-9-4,22.3771,Optimal,44.2988,Feasible,,sfsarp-7-5-5,36.2323,Optimal,36.2715,Feasible
sarp-6-8-C-2,92.035,Optimal,132.691,Optimal,,ghsarp-5-9-5,31.5819,Optimal,48.9386,Feasible,,sfsarp-7-6-1,36.2902,Optimal,39.0763,Optimal
sarp-6-9-A-1,16.399,Optimal,30.523,Optimal,,ghsarp-5-9-6,33.0206,Optimal,49.3718,Feasible,,sfsarp-7-6-2,39.0553,Optimal,39.1158,Optimal
sarp-6-9-A-2,24.125,Optimal,41.486,Optimal,,ghsarp-5-9-7,31.4301,Optimal,45.5775,Optimal,,sfsarp-7-6-3,38.9598,Optimal,39.1553,Optimal
sarp-6-9-B-1,29.674,Optimal,51.948,Optimal,,ghsarp-5-9-8,27.9558,Optimal,45.3986,Optimal,,sfsarp-7-6-4,39.0925,Optimal,39.2066,Optimal
sarp-6-9-B-2,32.074,Optimal,59.506,Feasible,,ghsarp-5-9-9,42.9205,Optimal,65.8248,Feasible,,sfsarp-7-6-5,39.0857,Optimal,39.1232,Feasible
sarp-6-9-C-1,73.529,Optimal,102.488,Optimal,,ghsarp-6-5-0,33.9994,Optimal,43.246,Optimal,,sfsarp-7-7-1,41.8337,Optimal,41.9648,Optimal
sarp-6-9-C-2,102.224,Optimal,139.821,Feasible,,ghsarp-6-5-1,30.9315,Optimal,40.1447,Optimal,,sfsarp-7-7-2,41.7588,Optimal,41.8427,Optimal
sarp-7-5-A-1,18.612,Optimal,29.473,Optimal,,ghsarp-6-5-2,25.1052,Optimal,37.5003,Optimal,,sfsarp-7-7-3,41.6133,Optimal,41.7995,Optimal
sarp-7-5-A-2,23.521,Optimal,29.585,Optimal,,ghsarp-6-5-3,25.9142,Optimal,33.72,Optimal,,sfsarp-7-7-4,39.0723,Optimal,41.8526,Feasible
sarp-7-5-B-1,39.306,Optimal,40.594,Optimal,,ghsarp-6-5-4,33.2503,Optimal,42.3642,Optimal,,sfsarp-7-7-5,41.5499,Optimal,41.7812,Feasible
sarp-7-5-B-2,46.083,Optimal,56.385,Optimal,,ghsarp-6-5-5,37.2541,Optimal,46.6298,Optimal,,sfsarp-7-8-1,41.7651,Optimal,44.6595,Optimal
sarp-7-5-C-1,81.742,Optimal,97.769,Optimal,,ghsarp-6-5-6,30.8085,Optimal,40.6246,Optimal,,sfsarp-7-8-2,41.6769,Optimal,44.5395,Optimal
sarp-7-5-C-2,93.924,Optimal,115.82,Optimal,,ghsarp-6-5-7,27.8623,Optimal,37.2666,Optimal,,sfsarp-7-8-3,41.8179,Optimal,44.7376,Optimal
sarp-7-6-A-1,13.434,Optimal,22.97,Optimal,,ghsarp-6-5-8,29.5145,Optimal,36.0062,Optimal,,sfsarp-7-8-4,41.8295,Optimal,44.6135,Feasible
sarp-7-6-A-2,29.831,Optimal,38.558,Optimal,,ghsarp-6-5-9,38.1454,Optimal,43.7939,Optimal,,sfsarp-7-8-5,41.6894,Optimal,44.5591,Optimal
sarp-7-6-B-1,29.896,Optimal,44.273,Optimal,,ghsarp-6-6-0,29.3062,Optimal,36.384,Optimal,,sfsarp-8-5-1,39.4922,Optimal,39.5525,Optimal
sarp-7-6-B-2,41.464,Optimal,57.002,Optimal,,ghsarp-6-6-1,25.0889,Optimal,31.9862,Optimal,,sfsarp-8-5-2,39.6584,Optimal,39.7482,Optimal
sarp-7-6-C-1,109.037,Optimal,118.621,Optimal,,ghsarp-6-6-2,27.8533,Optimal,45.3648,Optimal,,sfsarp-8-5-3,39.6937,Optimal,39.7202,Optimal
sarp-7-6-C-2,106.026,Optimal,128.237,Optimal,,ghsarp-6-6-3,29.7416,Optimal,40.6921,Optimal,,sfsarp-8-5-4,39.4446,Optimal,39.6666,Optimal
sarp-7-7-A-1,40.981,Optimal,47.838,Optimal,,ghsarp-6-6-4,12.8888,Optimal,26.2159,Optimal,,sfsarp-8-5-5,39.5161,Optimal,39.5491,Optimal
sarp-7-7-A-2,25.404,Optimal,33.982,Optimal,,ghsarp-6-6-5,39.5919,Optimal,46.188,Optimal,,sfsarp-8-6-1,41.984,Optimal,42.1643,Feasible
sarp-7-7-B-1,39.782,Optimal,52.311,Optimal,,ghsarp-6-6-6,30.0463,Optimal,36.9721,Optimal,,sfsarp-8-6-2,42.314,Optimal,42.3523,Feasible
sarp-7-7-B-2,61.846,Optimal,81.856,Optimal,,ghsarp-6-6-7,49.1404,Optimal,55.5045,Optimal,,sfsarp-8-6-3,42.2877,Optimal,42.3387,Feasible
sarp-7-7-C-1,100.168,Optimal,123.662,Optimal,,ghsarp-6-6-8,31.3158,Optimal,46.6639,Optimal,,sfsarp-8-6-4,42.3479,Optimal,42.417,Feasible
sarp-7-7-C-2,86.389,Optimal,104.219,Optimal,,ghsarp-6-6-9,31.8087,Optimal,41.646,Optimal,,sfsarp-8-6-5,42.4142,Optimal,42.4612,Optimal
sarp-7-8-A-1,29.727,Optimal,38.64,Optimal,,ghsarp-6-7-0,31.0969,Optimal,46.0644,Optimal,,sfsarp-8-7-1,44.9433,Optimal,45.1564,Optimal
sarp-7-8-A-2,15.742,Optimal,29.247,Optimal,,ghsarp-6-7-1,30.6641,Optimal,43.9131,Optimal,,sfsarp-8-7-2,45.0353,Optimal,45.1486,Optimal
sarp-7-8-B-1,47.663,Optimal,69.403,Feasible,,ghsarp-6-7-2,24.4506,Optimal,51.8949,Optimal,,sfsarp-8-7-3,45.151,Optimal,45.293,Feasible
sarp-7-8-B-2,33.305,Optimal,56.091,Optimal,,ghsarp-6-7-3,25.8743,Optimal,52.5704,Optimal,,sfsarp-8-7-4,45.0018,Optimal,45.1199,Feasible
sarp-7-8-C-1,67.768,Optimal,114.13,Feasible,,ghsarp-6-7-4,45.8841,Optimal,56.362,Optimal,,sfsarp-8-7-5,44.9992,Optimal,45.0776,Feasible
sarp-7-8-C-2,90.821,Optimal,116.191,Optimal,,ghsarp-6-7-5,36.6825,Optimal,48.7511,Optimal,,sfsarp-9-5-1,42.7922,Optimal,42.8563,Optimal
sarp-8-5-A-1,32.718,Optimal,38.744,Optimal,,ghsarp-6-7-6,25.91,Optimal,51.6588,Optimal,,sfsarp-9-5-2,42.7745,Optimal,42.816,Optimal
sarp-8-5-A-2,26.782,Optimal,37.517,Optimal,,ghsarp-6-7-7,39.9132,Optimal,48.551,Optimal,,sfsarp-9-5-3,42.8008,Optimal,42.8454,Optimal
sarp-8-5-B-1,47.53,Optimal,58.202,Optimal,,ghsarp-6-7-8,33.7523,Optimal,44.5074,Optimal,,sfsarp-9-5-4,42.7597,Optimal,42.7977,Optimal
sarp-8-5-B-2,42.008,Optimal,57.243,Optimal,,ghsarp-6-7-9,31.5134,Optimal,42.6303,Optimal,,sfsarp-9-5-5,42.8363,Optimal,42.9276,Optimal
sarp-8-5-C-1,108.526,Optimal,131.664,Optimal,,ghsarp-6-8-0,30.4083,Optimal,52.7279,Optimal,,sfsarp-9-6-1,45.7664,Optimal,45.8224,Optimal
sarp-8-5-C-2,88.966,Optimal,99.336,Optimal,,ghsarp-6-8-1,32.2714,Optimal,46.3872,Feasible,,sfsarp-9-6-2,45.6038,Optimal,45.6388,Feasible
sarp-8-6-A-1,28.017,Optimal,39.253,Optimal,,ghsarp-6-8-2,30.0433,Optimal,43.2165,Optimal,,sfsarp-9-6-3,45.316,Optimal,45.4079,Optimal
sarp-8-6-A-2,26.247,Optimal,41.651,Optimal,,ghsarp-6-8-3,23.2033,Optimal,48.5573,Optimal,,sfsarp-9-6-4,45.637,Optimal,45.6736,Optimal
sarp-8-6-B-1,46.919,Optimal,63.639,Optimal,,ghsarp-6-8-4,39.1397,Optimal,52.97,Optimal,,sfsarp-9-6-5,45.5065,Optimal,45.5972,Optimal
sarp-8-6-B-2,43.032,Optimal,50.379,Optimal,,ghsarp-6-8-5,37.3239,Optimal,59.5325,Optimal,,,,,,
sarp-8-6-C-1,75.773,Optimal,89.549,Optimal,,ghsarp-6-8-6,38.9665,Optimal,54.4523,Optimal,,,,,,
sarp-8-6-C-2,100.386,Optimal,107.04,Optimal,,ghsarp-6-8-7,33.6469,Optimal,48.4031,Optimal,,,,,,
sarp-8-7-A-1,25.514,Optimal,38.425,Optimal,,ghsarp-6-8-8,33.5129,Optimal,46.2131,Optimal,,,,,,
sarp-8-7-A-2,38.493,Optimal,48.937,Optimal,,ghsarp-6-8-9,43.2633,Optimal,66.501,Feasible,,,,,,
sarp-8-7-B-1,41.131,Optimal,62.873,Optimal,,ghsarp-6-9-0,33.0438,Optimal,57.1215,Feasible,,,,,,
sarp-8-7-B-2,46.24,Optimal,60.428,Optimal,,ghsarp-6-9-1,47.6568,Optimal,67.5966,Feasible,,,,,,
sarp-8-7-C-1,76.525,Optimal,92.198,Optimal,,ghsarp-6-9-2,36.5481,Optimal,58.1189,Feasible,,,,,,
sarp-8-7-C-2,132.928,Optimal,143.922,Optimal,,ghsarp-6-9-3,36.5369,Optimal,58.3801,Optimal,,,,,,
sarp-9-5-A-1,32.061,Optimal,41.031,Optimal,,ghsarp-6-9-4,31.6384,Optimal,51.3531,Optimal,,,,,,
sarp-9-5-A-2,43.194,Optimal,50.622,Optimal,,ghsarp-6-9-5,35.0977,Optimal,60.8523,Feasible,,,,,,
sarp-9-5-B-1,43.622,Optimal,56.272,Optimal,,ghsarp-6-9-6,39.5348,Optimal,56.8127,Optimal,,,,,,
sarp-9-5-B-2,51.603,Optimal,58.946,Optimal,,ghsarp-6-9-7,32.9278,Optimal,51.8552,Feasible,,,,,,
sarp-9-5-C-1,121.489,Optimal,133.653,Optimal,,ghsarp-6-9-8,46.0329,Optimal,75.2186,Optimal,,,,,,
sarp-9-5-C-2,109.795,Optimal,122.25,Optimal,,ghsarp-6-9-9,35.5662,Optimal,52.763,Optimal,,,,,,
sarp-9-6-A-1,30.599,Optimal,42.024,Optimal,,ghsarp-7-5-0,32.3464,Optimal,35.0516,Optimal,,,,,,
sarp-9-6-A-2,29.824,Optimal,39.592,Optimal,,ghsarp-7-5-1,22.6737,Optimal,31.6664,Optimal,,,,,,
sarp-9-6-B-1,40.842,Optimal,60.95,Optimal,,ghsarp-7-5-2,32.082,Optimal,42.2859,Optimal,,,,,,
sarp-9-6-B-2,44.972,Optimal,62.337,Feasible,,ghsarp-7-5-3,35.069,Optimal,39.8969,Optimal,,,,,,
sarp-9-6-C-1,118.921,Optimal,133.043,Optimal,,ghsarp-7-5-4,20.8218,Optimal,30.9491,Optimal,,,,,,
sarp-9-6-C-2,108.903,Optimal,124.561,Optimal,,ghsarp-7-5-5,33.0798,Optimal,34.5325,Optimal,,,,,,
,,,,,,ghsarp-7-5-6,32.7999,Optimal,35.5098,Optimal,,,,,,
,,,,,,ghsarp-7-5-7,43.8196,Optimal,52.4035,Optimal,,,,,,
,,,,,,ghsarp-7-5-8,28.8562,Optimal,40.1858,Optimal,,,,,,
,,,,,,ghsarp-7-5-9,38.3002,Optimal,42.0326,Optimal,,,,,,
,,,,,,ghsarp-7-6-0,32.0206,Optimal,43.7774,Optimal,,,,,,
,,,,,,ghsarp-7-6-1,32.41,Optimal,41.8533,Optimal,,,,,,
,,,,,,ghsarp-7-6-2,37.4218,Optimal,51.5353,Optimal,,,,,,
,,,,,,ghsarp-7-6-3,34.2433,Optimal,51.106,Optimal,,,,,,
,,,,,,ghsarp-7-6-4,49.3673,Optimal,53.0676,Optimal,,,,,,
,,,,,,ghsarp-7-6-5,35.8334,Optimal,44.4313,Optimal,,,,,,
,,,,,,ghsarp-7-6-6,32.354,Optimal,46.8515,Optimal,,,,,,
,,,,,,ghsarp-7-6-7,35.5777,Optimal,46.0307,Optimal,,,,,,
,,,,,,ghsarp-7-6-8,36.5865,Optimal,44.0974,Optimal,,,,,,
,,,,,,ghsarp-7-6-9,37.9857,Optimal,43.6171,Optimal,,,,,,
,,,,,,ghsarp-7-7-0,32.4324,Optimal,49.5225,Optimal,,,,,,
,,,,,,ghsarp-7-7-1,29.3348,Optimal,44.196,Feasible,,,,,,
,,,,,,ghsarp-7-7-2,31.8413,Optimal,39.6964,Optimal,,,,,,
,,,,,,ghsarp-7-7-3,29.8311,Optimal,45.9817,Feasible,,,,,,
,,,,,,ghsarp-7-7-4,37.7441,Optimal,48.8475,Feasible,,,,,,
,,,,,,ghsarp-7-7-5,32.2719,Optimal,51.7127,Feasible,,,,,,
,,,,,,ghsarp-7-7-6,30.5745,Optimal,45.9407,Feasible,,,,,,
,,,,,,ghsarp-7-7-7,33.7921,Optimal,43.197,Feasible,,,,,,
,,,,,,ghsarp-7-7-8,37.1144,Optimal,45.2165,Optimal,,,,,,
,,,,,,ghsarp-7-7-9,41.505,Optimal,65.4605,Feasible,,,,,,
,,,,,,ghsarp-7-8-0,45.7678,Optimal,60.8056,Feasible,,,,,,
,,,,,,ghsarp-7-8-1,46.9609,Optimal,69.2454,Optimal,,,,,,
,,,,,,ghsarp-7-8-2,32.8127,Optimal,56.0211,Feasible,,,,,,
,,,,,,ghsarp-7-8-3,34.9299,Optimal,53.535,Feasible,,,,,,
,,,,,,ghsarp-7-8-4,40.0301,Optimal,53.8184,Optimal,,,,,,
,,,,,,ghsarp-7-8-5,42.6256,Optimal,55.5282,Feasible,,,,,,
,,,,,,ghsarp-7-8-6,42.6144,Optimal,55.4248,Feasible,,,,,,
,,,,,,ghsarp-7-8-7,52.9663,Optimal,62.5174,Optimal,,,,,,
,,,,,,ghsarp-7-8-8,59.542,Optimal,76.6355,Optimal,,,,,,
,,,,,,ghsarp-7-8-9,35.2075,Optimal,50.5717,Optimal,,,,,,
,,,,,,ghsarp-8-5-0,37.1686,Optimal,47.4844,Optimal,,,,,,
,,,,,,ghsarp-8-5-1,30.8115,Optimal,38.6022,Optimal,,,,,,
,,,,,,ghsarp-8-5-2,46.0108,Optimal,56.2596,Optimal,,,,,,
,,,,,,ghsarp-8-5-3,38.683,Optimal,48.6065,Optimal,,,,,,
,,,,,,ghsarp-8-5-4,48.1627,Optimal,50.1306,Optimal,,,,,,
,,,,,,ghsarp-8-5-5,37.638,Optimal,45.1785,Optimal,,,,,,
,,,,,,ghsarp-8-5-6,35.7353,Optimal,43.1956,Optimal,,,,,,
,,,,,,ghsarp-8-5-7,43.0519,Optimal,48.5066,Optimal,,,,,,
,,,,,,ghsarp-8-5-8,39.4558,Optimal,43.1845,Optimal,,,,,,
,,,,,,ghsarp-8-5-9,31.4001,Optimal,35.8437,Optimal,,,,,,
,,,,,,ghsarp-8-6-0,35.635,Optimal,45.0457,Feasible,,,,,,
,,,,,,ghsarp-8-6-1,34.5639,Optimal,43.3361,Optimal,,,,,,
,,,,,,ghsarp-8-6-2,26.1741,Optimal,33.7275,Optimal,,,,,,
,,,,,,ghsarp-8-6-3,31.5008,Optimal,46.4132,Optimal,,,,,,
,,,,,,ghsarp-8-6-4,39.0899,Optimal,48.4023,Optimal,,,,,,
,,,,,,ghsarp-8-6-5,52.8954,Optimal,65.2885,Optimal,,,,,,
,,,,,,ghsarp-8-6-6,34.4323,Optimal,46.4252,Feasible,,,,,,
,,,,,,ghsarp-8-6-7,34.7275,Optimal,44.0615,Optimal,,,,,,
,,,,,,ghsarp-8-6-8,41.176,Optimal,46.6679,Optimal,,,,,,
,,,,,,ghsarp-8-6-9,46.0636,Optimal,62.7453,Feasible,,,,,,
,,,,,,ghsarp-8-7-0,43.0449,Optimal,55.5693,Feasible,,,,,,
,,,,,,ghsarp-8-7-1,56.9338,Optimal,68.4817,Optimal,,,,,,
,,,,,,ghsarp-8-7-2,45.6251,Optimal,56.4872,Optimal,,,,,,
,,,,,,ghsarp-8-7-3,36.3439,Optimal,46.1426,Feasible,,,,,,
,,,,,,ghsarp-8-7-4,38.2705,Optimal,51.6992,Optimal,,,,,,
,,,,,,ghsarp-8-7-5,38.1146,Optimal,58.3474,Feasible,,,,,,
,,,,,,ghsarp-8-7-6,47.3338,Optimal,52.5392,Feasible,,,,,,
,,,,,,ghsarp-8-7-7,52.784,Optimal,59.5305,Optimal,,,,,,
,,,,,,ghsarp-8-7-8,64.4965,Optimal,77.9757,Optimal,,,,,,
,,,,,,ghsarp-8-7-9,38.2856,Optimal,50.8335,Optimal,,,,,,
,,,,,,ghsarp-9-5-0,47.5234,Optimal,49.666,Optimal,,,,,,
,,,,,,ghsarp-9-5-1,31.8119,Optimal,41.172,Optimal,,,,,,
,,,,,,ghsarp-9-5-2,28.8088,Optimal,36.9186,Optimal,,,,,,
,,,,,,ghsarp-9-5-3,38.1731,Optimal,44.3915,Optimal,,,,,,
,,,,,,ghsarp-9-5-4,41.9476,Optimal,48.8768,Optimal,,,,,,
,,,,,,ghsarp-9-5-5,47.2848,Optimal,55.1329,Optimal,,,,,,
,,,,,,ghsarp-9-5-6,42.0107,Optimal,50.2168,Optimal,,,,,,
,,,,,,ghsarp-9-5-7,35.8178,Optimal,44.0919,Optimal,,,,,,
,,,,,,ghsarp-9-5-8,35.5546,Optimal,41.5704,Optimal,,,,,,
,,,,,,ghsarp-9-5-9,48.4374,Optimal,60.8688,Optimal,,,,,,
,,,,,,ghsarp-9-6-0,55.3444,Optimal,58.1826,Optimal,,,,,,
,,,,,,ghsarp-9-6-1,64.4897,Optimal,71.409,Optimal,,,,,,
,,,,,,ghsarp-9-6-2,40.2236,Optimal,53.2113,Optimal,,,,,,
,,,,,,ghsarp-9-6-3,45.1849,Optimal,48.4212,Optimal,,,,,,
,,,,,,ghsarp-9-6-4,43.9413,Optimal,56.5033,Optimal,,,,,,
,,,,,,ghsarp-9-6-5,43.5761,Optimal,59.113,Optimal,,,,,,
,,,,,,ghsarp-9-6-6,49.3781,Optimal,55.1714,Optimal,,,,,,
,,,,,,ghsarp-9-6-7,50.7844,Optimal,59.9486,Optimal,,,,,,
,,,,,,ghsarp-9-6-8,66.9114,Optimal,70.7717,Optimal,,,,,,
,,,,,,ghsarp-9-6-9,40.5767,Optimal,50.1852,Optimal,,,,,,